{
    "accuracy": 0.9607,
    "precision": 0.9666734197730956,
    "recall": 0.9543,
    "f1_score": 0.9604468599033816,
    "confusion_matrix": [
        [
            9671,
            329
        ],
        [
            457,
            9543
        ]
    ]
}